step,deformations,grip_force
1.0,0.00011360657663317397,0.0
2.0,0.00023514041095040739,0.0
3.0,0.00032371311681345105,0.0
4.0,0.00045216153375804424,0.0
5.0,0.0005591523949988186,0.0
6.0,0.0005816243938170373,0.0
7.0,0.0005176098784431815,0.0
8.0,0.0005913926870562136,0.0
9.0,0.0005955041269771755,0.0
10.0,0.0005638037109747529,0.0
11.0,0.0006360458210110664,0.0
12.0,0.0006744320853613317,0.0
13.0,0.0006440345896407962,0.0
14.0,0.000745053228456527,0.0
15.0,0.0008210442028939724,0.0
16.0,0.0007791953394189477,0.0
17.0,0.0007404157076962292,0.0
18.0,0.0007779680308885872,0.0
19.0,0.0008483357378281653,0.0
20.0,0.000960986246354878,0.0
21.0,0.0012033276725560427,0.0
22.0,0.0013638264499604702,0.0
23.0,0.0014671679819002748,0.0
24.0,0.001611824263818562,0.0
25.0,0.0018712303135544062,0.0
26.0,0.002242867136374116,0.0
27.0,0.002687397412955761,0.0
28.0,0.0031331172212958336,0.0
29.0,0.003556129289790988,0.0
30.0,0.003973482642322779,0.0
31.0,0.004416458774358034,0.0
32.0,0.004927721340209246,0.0
33.0,0.005516329314559698,0.0
34.0,0.0061377654783427715,0.0
35.0,0.006749300751835108,0.0
36.0,0.0073213279247283936,0.0
37.0,0.007910764776170254,0.0
38.0,0.008553736843168736,0.0
39.0,0.009227356873452663,0.0
40.0,0.009916710667312145,0.0
41.0,0.010598926804959774,0.0
42.0,0.011261050589382648,0.0
43.0,0.011901537887752056,0.0
44.0,0.012540343217551708,0.0
45.0,0.013193371705710888,0.0
46.0,0.013853050768375397,0.0
47.0,0.014506503008306026,0.0
48.0,0.015144611708819866,0.0
49.0,0.015760524198412895,0.0
50.0,0.016360385343432426,0.0
51.0,0.01696961000561714,-3.0
52.0,0.017573829740285873,-2.75
53.0,0.018164101988077164,-2.75
54.0,0.018732082098722458,-2.5
55.0,0.019274618476629257,-2.5
56.0,0.019805561751127243,-2.25
57.0,0.020332111045718193,-2.25
58.0,0.020852437242865562,-2.0
59.0,0.021394774317741394,-2.0
60.0,0.02197682484984398,-1.75
61.0,0.022527338936924934,-1.75
62.0,0.023858677595853806,-1.5
63.0,0.02532098814845085,-1.5
64.0,0.02658108063042164,-1.25
65.0,0.027616925537586212,-1.25
66.0,0.02838934399187565,-1.0
67.0,0.02890678308904171,-1.0
68.0,0.02916712313890457,-0.75
69.0,0.02921108342707157,-0.75
70.0,0.029127465561032295,-1.0
71.0,0.029063543304800987,-1.0
72.0,0.02899029664695263,-1.25
73.0,0.028831880539655685,-1.25
74.0,0.02866021916270256,-1.5
75.0,0.028463764116168022,-1.5
76.0,0.028275886550545692,-1.75
77.0,0.028101742267608643,-1.75
78.0,0.027968311682343483,-2.0
79.0,0.027947548776865005,-2.0
80.0,0.028125792741775513,-2.25
81.0,0.028296153992414474,-2.25
82.0,0.028463214635849,-2.5
83.0,0.0286328736692667,-2.5
84.0,0.028809277340769768,-2.75
85.0,0.029242800548672676,-2.75
86.0,0.02986801229417324,-2.5
87.0,0.030546894297003746,-2.5
88.0,0.031242137774825096,-2.25
89.0,0.0319332554936409,-2.25
90.0,0.032581627368927,-2.0
91.0,0.0331767238676548,-2.0
92.0,0.03368701785802841,-1.75
93.0,0.03410949185490608,-1.75
94.0,0.03441525995731354,-1.5
95.0,0.03460744395852089,-1.5
96.0,0.034694794565439224,-1.5
97.0,0.03468191251158714,-1.5
98.0,0.03462637588381767,-1.75
99.0,0.034548815339803696,-1.75
100.0,0.03447456657886505,-2.0
101.0,0.034483201801776886,-2.0
102.0,0.03446253016591072,-2.25
103.0,0.03446616232395172,-2.25
104.0,0.03451068699359894,-2.5
105.0,0.034602586179971695,-2.5
106.0,0.034764278680086136,-2.75
107.0,0.03501691669225693,-2.75
108.0,0.03531110659241676,-2.5
109.0,0.03563208878040314,-2.5
110.0,0.03594665974378586,-2.25
111.0,0.0362410806119442,-2.25
112.0,0.036486368626356125,-2.0
113.0,0.036675192415714264,-2.0
114.0,0.03681253641843796,-2.0
115.0,0.03690357878804207,-2.0
116.0,0.03698224946856499,-2.25
117.0,0.03705860674381256,-2.25
118.0,0.03716052323579788,-2.5
119.0,0.037286657840013504,-2.5
120.0,0.037459466606378555,-2.75
121.0,0.03767509013414383,-2.75
122.0,0.03792206943035126,-2.75
123.0,0.03819134086370468,-2.75
124.0,0.03844568133354187,-2.5
125.0,0.03867591172456741,-2.5
126.0,0.038854628801345825,-2.25
127.0,0.03897378221154213,-2.25
128.0,0.039072923362255096,-2.5
129.0,0.03916271775960922,-2.5
130.0,0.039273254573345184,-2.75
131.0,0.03940950706601143,-2.75
132.0,0.039590299129486084,-3.0
133.0,0.03981480747461319,-3.0
134.0,0.04003958776593208,-2.75
135.0,0.040244732052087784,-2.75
136.0,0.04042596369981766,-2.75
137.0,0.04058330878615379,-2.75
138.0,0.04074951261281967,-3.0
139.0,0.04093076288700104,-3.0
140.0,0.04111659526824951,-3.0
141.0,0.0413084402680397,-3.0
142.0,0.041499558836221695,-3.0
143.0,0.041686076670885086,-3.0
144.0,0.041862957179546356,-3.0
145.0,0.0420229434967041,-3.0
146.0,0.04218985140323639,-3.25
147.0,0.04236873611807823,-3.25
148.0,0.04258406162261963,-3.5
149.0,0.04283880442380905,-3.5
150.0,0.04309381917119026,-3.25
151.0,0.043336354196071625,-3.25
152.0,0.043548889458179474,-3.0
153.0,0.04374592378735542,-3.0
154.0,0.04393337294459343,-3.0
155.0,0.044118113815784454,-3.0
156.0,0.044305600225925446,-3.0
157.0,0.04447530582547188,-3.0
158.0,0.04463476315140724,-3.25
159.0,0.044784341007471085,-3.25
160.0,0.04495272412896156,-3.5
161.0,0.04514170438051224,-3.5
162.0,0.045348066836595535,-3.5
163.0,0.04557280242443085,-3.5
164.0,0.04578245431184769,-3.25
165.0,0.04596967250108719,-3.25
166.0,0.046139221638441086,-3.25
167.0,0.04629385843873024,-3.25
168.0,0.04646774381399155,-3.5
169.0,0.04666631668806076,-3.5
170.0,0.046874038875103,-3.5
171.0,0.047078803181648254,-3.5
172.0,0.04727485030889511,-3.5
173.0,0.04745103418827057,-3.5
174.0,0.047633931040763855,-3.75
175.0,0.04782717302441597,-3.75
176.0,0.04802613705396652,-3.75
177.0,0.04822803661227226,-3.75
178.0,0.04842805117368698,-3.75
179.0,0.048626601696014404,-3.75
180.0,0.04882286116480827,-3.75
181.0,0.04901640862226486,-3.75
182.0,0.04923901706933975,-3.75
183.0,0.049405086785554886,-3.75
184.0,0.04952947050333023,-4.0
185.0,0.049855444580316544,-4.0
186.0,0.05018537864089012,-3.75
187.0,0.050502169877290726,-3.75
188.0,0.05083264783024788,-3.5
189.0,0.0511704757809639,-3.5
190.0,0.05145395174622536,-3.25
191.0,0.05164482071995735,-3.25
192.0,0.051743850111961365,-3.25
193.0,0.051754578948020935,-3.25
194.0,0.05171584337949753,-3.5
195.0,0.0516355074942112,-3.5
196.0,0.051517829298973083,-3.75
197.0,0.05140189453959465,-3.75
198.0,0.05133184418082237,-4.0
199.0,0.0513061098754406,-4.0
200.0,0.051349688321352005,-4.25
201.0,0.05147261545062065,-4.25
202.0,0.051699209958314896,-4.5
203.0,0.05202608183026314,-4.5
204.0,0.052389439195394516,-4.25
205.0,0.052767328917980194,-4.25
206.0,0.05312582850456238,-4.0
207.0,0.053415171802043915,-4.0
208.0,0.053946614265441895,-3.75
209.0,0.054527949541807175,-3.75
210.0,0.054982997477054596,-3.5
211.0,0.05543263629078865,-3.5
212.0,0.05584018677473068,-3.25
213.0,0.055975835770368576,-3.25
214.0,0.055913813412189484,-3.5
215.0,0.055751774460077286,-3.5
216.0,0.05557727441191673,-3.75
217.0,0.05537064000964165,-3.75
218.0,0.055226556956768036,-4.0
219.0,0.05520174652338028,-4.0
220.0,0.05533531308174133,-4.25
221.0,0.05559011548757553,-4.25
222.0,0.05589038506150246,-4.0
223.0,0.0562073178589344,-4.0
224.0,0.05650359019637108,-3.75
225.0,0.056724078953266144,-3.75
226.0,0.05681362375617027,-3.5
227.0,0.05678681656718254,-3.5
228.0,0.05669592693448067,-3.75
229.0,0.056568343192338943,-3.75
230.0,0.056467875838279724,-4.0
231.0,0.056435294449329376,-4.0
232.0,0.056504786014556885,-4.25
233.0,0.05666569620370865,-4.25
234.0,0.05691467970609665,-4.5
235.0,0.0572374127805233,-4.5
236.0,0.05757336691021919,-4.25
237.0,0.057887133210897446,-4.25
238.0,0.05813475325703621,-4.0
239.0,0.05830923467874527,-4.0
240.0,0.05845331400632858,-4.25
241.0,0.05858473852276802,-4.25
242.0,0.05873973295092583,-4.5
243.0,0.05894222855567932,-4.5
244.0,0.059193793684244156,-4.5
245.0,0.05948476120829582,-4.5
246.0,0.0597662478685379,-4.25
247.0,0.06001108139753342,-4.25
248.0,0.060178086161613464,-4.0
249.0,0.060254015028476715,-4.0
250.0,0.06027216836810112,-4.25
251.0,0.06024571880698204,-4.25
252.0,0.0602107048034668,-4.5
253.0,0.060182638466358185,-4.5
254.0,0.06018935143947601,-4.75
255.0,0.060243405401706696,-4.75
256.0,0.06036689504981041,-5.0
257.0,0.06056075915694237,-5.0
258.0,0.060805972665548325,-5.0
259.0,0.061086270958185196,-5.0
260.0,0.06136035919189453,-4.75
261.0,0.061608124524354935,-4.75
262.0,0.06181064248085022,-4.5
263.0,0.06195784732699394,-4.5
264.0,0.062085188925266266,-4.75
265.0,0.06220697611570358,-4.75
266.0,0.062351446598768234,-5.0
267.0,0.06251655519008636,-5.0
268.0,0.06272120028734207,-5.25
269.0,0.06296608597040176,-5.25
270.0,0.0632006973028183,-5.0
271.0,0.06340055912733078,-5.0
272.0,0.06356634199619293,-5.0
273.0,0.0637003481388092,-5.0
274.0,0.06383237987756729,-5.25
275.0,0.06396974623203278,-5.25
276.0,0.06414015591144562,-5.5
277.0,0.06434705853462219,-5.5
278.0,0.06457763910293579,-5.5
279.0,0.06482373923063278,-5.5
280.0,0.06504740566015244,-5.25
281.0,0.06523274630308151,-5.25
282.0,0.06537658721208572,-5.25
283.0,0.06547471135854721,-5.25
284.0,0.06555309891700745,-5.5
285.0,0.06564114987850189,-5.5
286.0,0.06574585288763046,-5.75
287.0,0.06585323065519333,-5.75
288.0,0.06599888950586319,-6.0
289.0,0.06617198884487152,-6.0
290.0,0.06637401133775711,-6.25
291.0,0.06659706681966782,-6.25
292.0,0.06680859625339508,-6.0
293.0,0.06702226400375366,-6.0
294.0,0.06721996515989304,-6.0
295.0,0.0673532634973526,-6.0
296.0,0.06745569407939911,-6.25
297.0,0.06752029806375504,-6.25
298.0,0.06757185608148575,-6.5
299.0,0.06762734800577164,-6.5
300.0,0.06770841032266617,-6.75
301.0,0.06782539933919907,-6.75
302.0,0.06800129264593124,-7.0
303.0,0.0682169646024704,-7.0
304.0,0.068474680185318,-7.0
305.0,0.0687432736158371,-7.0
306.0,0.06897497177124023,-6.75
307.0,0.06914469599723816,-6.75
308.0,0.06926953792572021,-7.0
309.0,0.069343201816082,-7.0
310.0,0.06939443200826645,-7.25
311.0,0.06943624466657639,-7.25
312.0,0.06949351727962494,-7.5
313.0,0.06958141922950745,-7.5
314.0,0.06972239166498184,-7.75
315.0,0.06991563737392426,-7.75
316.0,0.07013437151908875,-7.75
317.0,0.07036300748586655,-7.75
318.0,0.07055466622114182,-7.5
319.0,0.07067666202783585,-7.5
320.0,0.07074560225009918,-7.75
321.0,0.07075075060129166,-7.75
322.0,0.07072772830724716,-8.0
323.0,0.07069467753171921,-8.0
324.0,0.07067959755659103,-8.25
325.0,0.07070470601320267,-8.25
326.0,0.07079479843378067,-8.5
327.0,0.0709480345249176,-8.5
328.0,0.0711621642112732,-8.75
329.0,0.07141685485839844,-8.75
330.0,0.07166183739900589,-8.5
331.0,0.07185038179159164,-8.5
332.0,0.07195037603378296,-8.5
333.0,0.07197761535644531,-8.5
334.0,0.07195775210857391,-8.75
335.0,0.07190278172492981,-8.75
336.0,0.07184306532144547,-9.0
337.0,0.07179868966341019,-9.0
338.0,0.07179871946573257,-9.25
339.0,0.07185619324445724,-9.25
340.0,0.07197627425193787,-9.5
341.0,0.07213973253965378,-9.5
342.0,0.07234366983175278,-9.75
343.0,0.07256203889846802,-9.75
344.0,0.07275597006082535,-9.75
345.0,0.0729207694530487,-9.75
346.0,0.07305949181318283,-10.0
347.0,0.07316864281892776,-10.0
348.0,0.07326865196228027,-10.25
349.0,0.07335884869098663,-10.25
350.0,0.07344979792833328,-10.5
351.0,0.0735483393073082,-10.5
352.0,0.07366470992565155,-10.75
353.0,0.07379157841205597,-10.75
354.0,0.07393617928028107,-11.0
355.0,0.0740935429930687,-11.0
356.0,0.07426654547452927,-11.25
357.0,0.07444346696138382,-11.25
358.0,0.07462246716022491,-11.5
359.0,0.07479121536016464,-11.5
360.0,0.07495138794183731,-11.75
361.0,0.07509668171405792,-11.75
362.0,0.07523655146360397,-12.0
363.0,0.0753629207611084,-12.0
364.0,0.0754861906170845,-12.25
365.0,0.07560193538665771,-12.25
366.0,0.07572002708911896,-12.5
367.0,0.07583383470773697,-12.5
368.0,0.07595178484916687,-12.75
369.0,0.07606606185436249,-12.75
370.0,0.07618231326341629,-13.0
371.0,0.07629437744617462,-13.0
372.0,0.0764060765504837,-13.25
373.0,0.07646743953227997,-13.25
374.0,0.07648172974586487,-13.5
375.0,0.07644693553447723,-13.5
376.0,0.07641337811946869,-13.75
377.0,0.07636570185422897,-13.75
378.0,0.07632265239953995,-14.0
379.0,0.0762716755270958,-14.0
380.0,0.076228067278862,-14.25
381.0,0.07618893682956696,-14.25
382.0,0.07617772370576859,-14.5
383.0,0.0761665627360344,-14.5
384.0,0.07616258412599564,-14.75
385.0,0.07615921646356583,-14.75
386.0,0.07616056501865387,-15.0
387.0,0.07615719735622406,-15.0
388.0,0.07615108788013458,-15.25
389.0,0.0761328637599945,-15.25
390.0,0.07610774040222168,-15.5
391.0,0.07607326656579971,-15.5
392.0,0.07603976130485535,-15.75
393.0,0.07600267976522446,-15.75
394.0,0.0759676992893219,-16.0
395.0,0.07593201100826263,-16.0
396.0,0.07590221613645554,-16.25
397.0,0.07587401568889618,-16.25
398.0,0.07585036754608154,-16.5
399.0,0.0758264809846878,-16.5
400.0,0.07580725848674774,-16.75
401.0,0.07578818500041962,-16.75
402.0,0.07578355818986893,-17.0
403.0,0.07579602301120758,-17.0
404.0,0.07581151276826859,-17.25
405.0,0.07580269128084183,-17.25
406.0,0.07577038556337357,-17.5
407.0,0.07570917159318924,-17.5
408.0,0.075628362596035,-17.75
409.0,0.07552032917737961,-17.75
410.0,0.07538416981697083,-18.0
411.0,0.07520177960395813,-18.0
412.0,0.0749734565615654,-18.25
413.0,0.0746978297829628,-18.25
414.0,0.07436354458332062,-18.5
415.0,0.07396840304136276,-18.5
416.0,0.07343165576457977,-18.75
417.0,0.07259032875299454,-18.75
418.0,0.07169793546199799,-19.0
419.0,0.07100094109773636,-19.0
420.0,0.07057865709066391,-19.25
421.0,0.07037343829870224,-19.25
422.0,0.06997992098331451,-19.5
423.0,0.07140758633613586,-19.5
424.0,0.0731048732995987,-19.25
425.0,0.07450820505619049,-19.25
426.0,0.07578886300325394,-19.0
427.0,0.0768916979432106,-19.0
428.0,0.07779035717248917,-18.75
429.0,0.0785788744688034,-18.75
430.0,0.07923409342765808,-18.5
431.0,0.07976473867893219,-18.5
432.0,0.0802561566233635,-18.25
433.0,0.08071637153625488,-18.25
434.0,0.08121225237846375,-18.0
435.0,0.0818752646446228,-18.0
436.0,0.08235012739896774,-17.75
437.0,0.08282339572906494,-17.75
438.0,0.08368375897407532,-17.5
439.0,0.08431033045053482,-17.5
440.0,0.07654248178005219,-17.25
441.0,0.05595267936587334,-17.25
442.0,0.055083077400922775,-17.5
443.0,0.05510222166776657,-17.5
444.0,0.05461706593632698,-17.75
445.0,0.054040104150772095,-17.75
446.0,0.053420837968587875,-18.0
447.0,0.05284569412469864,-18.0
448.0,0.05227072536945343,-18.25
449.0,0.05150652304291725,-18.25
450.0,0.05044213682413101,-18.5
451.0,0.049107976257801056,-18.5
452.0,0.04736204445362091,-18.75
453.0,0.04482824355363846,-18.75
454.0,0.0417315848171711,-19.0
455.0,0.03916729614138603,-19.0
456.0,0.03983256593346596,-19.25
457.0,0.04024961590766907,-19.25
458.0,0.040276817977428436,-19.0
459.0,0.04001370444893837,-19.0
460.0,0.039724305272102356,-19.25
461.0,0.03942803665995598,-19.25
462.0,0.039381738752126694,-19.5
463.0,0.0397237092256546,-19.5
464.0,0.04022804647684097,-19.25
465.0,0.040669724345207214,-19.25
466.0,0.04096226394176483,-19.0
467.0,0.041121602058410645,-19.0
468.0,0.04105140268802643,-19.25
469.0,0.04215297847986221,-19.25
470.0,0.04337356239557266,-19.0
471.0,0.044135093688964844,-19.0
472.0,0.04464777186512947,-18.75
473.0,0.044814374297857285,-18.75
474.0,0.04454243183135986,-19.0
475.0,0.044601619243621826,-19.0
476.0,0.044964130967855453,-19.25
477.0,0.045338232070207596,-19.25
478.0,0.045666079968214035,-19.0
479.0,0.0460173673927784,-19.0
480.0,0.04639274999499321,-18.75
481.0,0.04955371096730232,-18.75
482.0,0.05163849517703056,-18.5
483.0,0.0525396429002285,-18.5
484.0,0.053372036665678024,-18.25
485.0,0.053788017481565475,-18.25
486.0,0.05465373396873474,-18.0
487.0,0.05610273405909538,-18.0
488.0,0.057825811207294464,-17.75
489.0,0.05981746315956116,-17.75
490.0,0.06172357499599457,-17.5
491.0,0.06337172538042068,-17.5
492.0,0.06466401368379593,-17.25
493.0,0.0656287744641304,-17.25
494.0,0.06642252206802368,-17.0
495.0,0.06722055375576019,-17.0
496.0,0.0676504373550415,-16.75
497.0,0.06795743852853775,-16.75
498.0,0.06817595660686493,-16.5
499.0,0.06798461824655533,-16.5
500.0,0.06783405691385269,-16.75
501.0,0.06780146062374115,-16.75
502.0,0.06795145571231842,-17.0
503.0,0.06817568838596344,-17.0
504.0,0.06841921806335449,-16.75
505.0,0.06862828135490417,-16.75
506.0,0.06909430027008057,-16.75
507.0,0.06991417706012726,-16.75
508.0,0.07063127309083939,-16.5
509.0,0.07153039425611496,-16.5
510.0,0.07222739607095718,-16.25
511.0,0.07232251018285751,-16.25
512.0,0.07243147492408752,-16.5
513.0,0.07261521369218826,-16.5
514.0,0.07273250818252563,-16.5
515.0,0.07330179959535599,-16.5
516.0,0.07363276928663254,-16.25
517.0,0.07366008311510086,-16.25
518.0,0.07349727302789688,-16.5
519.0,0.07361159473657608,-16.5
520.0,0.07384169101715088,-16.75
521.0,0.0741276666522026,-16.75
522.0,0.07445959001779556,-16.5
523.0,0.07502525299787521,-16.5
524.0,0.07565165311098099,-16.25
525.0,0.07642221450805664,-16.25
526.0,0.0772838145494461,-16.0
527.0,0.07740211486816406,-16.0
528.0,0.077752985060215,-16.25
529.0,0.07814103364944458,-16.25
530.0,0.07873118668794632,-16.0
531.0,0.07935500890016556,-16.0
532.0,0.07957028597593307,-15.75
533.0,0.0792873352766037,-15.75
534.0,0.07926750928163528,-16.0
535.0,0.07931041717529297,-16.0
536.0,0.07953087985515594,-16.25
537.0,0.07999172806739807,-16.25
538.0,0.08066190779209137,-16.0
539.0,0.08179737627506256,-16.0
540.0,0.0828055664896965,-15.75
541.0,0.08341860771179199,-15.75
542.0,0.08337656408548355,-15.5
543.0,0.0837944895029068,-15.5
544.0,0.08433517068624496,-15.25
545.0,0.08478176593780518,-15.25
546.0,0.08493055403232574,-15.0
547.0,0.0845821425318718,-15.0
548.0,0.08450084179639816,-15.25
549.0,0.0846821516752243,-15.25
550.0,0.08498147130012512,-15.25
551.0,0.08556245267391205,-15.25
552.0,0.0863717719912529,-15.0
553.0,0.08731310814619064,-15.0
554.0,0.08829052746295929,-14.75
555.0,0.08890984207391739,-14.75
556.0,0.08922656625509262,-14.5
557.0,0.0897722840309143,-14.5
558.0,0.0902819111943245,-14.25
559.0,0.09040985256433487,-14.25
560.0,0.09027236700057983,-14.5
561.0,0.08999230712652206,-14.5
562.0,0.09028971195220947,-14.75
563.0,0.0907791256904602,-14.75
564.0,0.0913715586066246,-14.5
565.0,0.09179820120334625,-14.5
566.0,0.09243538975715637,-14.25
567.0,0.09329740703105927,-14.25
568.0,0.09385696798563004,-14.0
569.0,0.09395289421081543,-14.0
570.0,0.09444031119346619,-14.25
571.0,0.09495823085308075,-14.25
572.0,0.09518670290708542,-14.0
573.0,0.09518469125032425,-14.0
574.0,0.09515150636434555,-14.25
575.0,0.09556739032268524,-14.25
576.0,0.09592054784297943,-14.0
577.0,0.09606435149908066,-14.0
578.0,0.09606502205133438,-14.25
579.0,0.09640593081712723,-14.25
580.0,0.09657803177833557,-14.0
581.0,0.09661564975976944,-14.0
582.0,0.09674935042858124,-14.25
583.0,0.0966586247086525,-14.25
584.0,0.09616106003522873,-14.5
585.0,0.09632888436317444,-14.5
586.0,0.09697508066892624,-14.75
587.0,0.09774424135684967,-14.75
588.0,0.09816504269838333,-14.5
589.0,0.09801217913627625,-14.5
590.0,0.09794130176305771,-14.75
591.0,0.09796454012393951,-14.75
592.0,0.09793465584516525,-15.0
593.0,0.09744884818792343,-15.0
594.0,0.09662944078445435,-15.25
595.0,0.0956999808549881,-15.25
596.0,0.095390185713768,-15.5
597.0,0.09583788365125656,-15.5
598.0,0.09612007439136505,-15.25
599.0,0.09707168489694595,-15.25
600.0,0.0971619039773941,-15.0
601.0,0.09649673104286194,-12.0
602.0,0.09568997472524643,-12.0
603.0,0.09410017728805542,-12.0
604.0,0.09064073860645294,-12.0
605.0,0.08722929656505585,-12.0
606.0,0.08584773540496826,-12.0
607.0,0.08627082407474518,-12.0
608.0,0.08674568682909012,-12.0
609.0,0.08679798990488052,-12.0
610.0,0.08708155155181885,-12.0
611.0,0.08728029578924179,-12.0
612.0,0.08701576292514801,-12.0
613.0,0.08588682115077972,-12.0
614.0,0.08415373414754868,-12.0
615.0,0.08183033019304276,-12.0
616.0,0.07948105037212372,-12.0
617.0,0.07733801007270813,-12.0
618.0,0.0754925012588501,-12.0
619.0,0.0740857720375061,-12.0
620.0,0.07306195795536041,-12.0
621.0,0.07228908687829971,-12.0
622.0,0.07151556760072708,-12.0
623.0,0.07088740915060043,-12.0
624.0,0.07033808529376984,-12.0
625.0,0.06976409256458282,-12.0
626.0,0.06906405091285706,-12.0
627.0,0.06836090236902237,-12.0
628.0,0.06783133000135422,-12.0
629.0,0.06748602539300919,-12.0
630.0,0.0674571618437767,-12.0
631.0,0.06736503541469574,-12.0
632.0,0.06723876297473907,-12.0
633.0,0.06714772433042526,-12.0
634.0,0.06707742810249329,-12.0
635.0,0.0669831782579422,-12.0
636.0,0.06682879477739334,-12.0
637.0,0.06656395643949509,-12.0
638.0,0.06626808643341064,-12.0
639.0,0.06600072234869003,-12.0
640.0,0.06575063616037369,-12.0
641.0,0.06554792076349258,-12.0
642.0,0.06538062542676926,-12.0
643.0,0.06532769650220871,-12.0
644.0,0.06533392518758774,-12.0
645.0,0.06531521677970886,-12.0
646.0,0.06528224796056747,-12.0
647.0,0.06523341685533524,-12.0
648.0,0.06360803544521332,-12.0
649.0,0.06308456510305405,-12.0
650.0,0.06308896839618683,-12.0
651.0,0.06316066533327103,-12.0
652.0,0.06298739463090897,-12.0
653.0,0.06275025755167007,-12.0
654.0,0.06250301003456116,-12.0
655.0,0.06230871379375458,-12.0
656.0,0.062111347913742065,-12.0
657.0,0.06190037727355957,-12.0
658.0,0.06167532131075859,-12.0
659.0,0.06148071587085724,-12.0
660.0,0.06130744144320488,-12.0
661.0,0.061148546636104584,-12.0
662.0,0.0609939806163311,-12.0
663.0,0.06082313135266304,-12.0
664.0,0.06066816300153732,-12.0
665.0,0.06053420901298523,-12.0
666.0,0.06043856963515282,-12.0
667.0,0.0603611096739769,-12.0
668.0,0.0602792464196682,-12.0
669.0,0.0601898729801178,-12.0
670.0,0.06009925156831741,-12.0
671.0,0.06004553288221359,-12.0
672.0,0.060062259435653687,-12.0
673.0,0.06006047874689102,-12.0
674.0,0.06002391502261162,-12.0
675.0,0.059978187084198,-12.0
676.0,0.059941694140434265,-12.0
677.0,0.05990021675825119,-12.0
678.0,0.05985342711210251,-12.0
679.0,0.059816956520080566,-12.0
680.0,0.05978429317474365,-12.0
681.0,0.05975501239299774,-12.0
682.0,0.0597662553191185,-12.0
683.0,0.05975458770990372,-12.0
684.0,0.059745389968156815,-12.0
685.0,0.05971920117735863,-12.0
686.0,0.05956699699163437,-12.0
687.0,0.059486862272024155,-12.0
688.0,0.05944311246275902,-12.0
689.0,0.059403032064437866,-12.0
690.0,0.05937143787741661,-12.0
691.0,0.05931587889790535,-12.0
692.0,0.05925436690449715,-12.0
693.0,0.05916067957878113,-12.0
694.0,0.059038374572992325,-12.0
695.0,0.05890033766627312,-12.0
696.0,0.058742254972457886,-12.0
697.0,0.058640383183956146,-12.0
698.0,0.05868953466415405,-12.0
699.0,0.05913804844021797,-12.0
700.0,0.05960201844573021,-12.0
701.0,0.059683434665203094,-12.0
702.0,0.06057704612612724,-12.0
703.0,0.06127467006444931,-12.0
704.0,0.06135157495737076,-12.0
705.0,0.06137014925479889,-12.0
706.0,0.06157608702778816,-12.0
707.0,0.06161854788661003,-12.0
708.0,0.061399757862091064,-12.0
709.0,0.06103042885661125,-12.0
710.0,0.060692235827445984,-12.0
711.0,0.06039302796125412,-12.0
712.0,0.060122374445199966,-12.0
713.0,0.059889502823352814,-12.0
714.0,0.05971536785364151,-12.0
715.0,0.0596170648932457,-12.0
716.0,0.05957750976085663,-12.0
717.0,0.05946435034275055,-12.0
718.0,0.05928939953446388,-12.0
719.0,0.05911940336227417,-12.0
720.0,0.05904482305049896,-12.0
721.0,0.05904436111450195,-12.0
722.0,0.059034693986177444,-12.0
723.0,0.059035204350948334,-12.0
724.0,0.05899202451109886,-12.0
725.0,0.05891135334968567,-12.0
726.0,0.05874801427125931,-12.0
727.0,0.058588020503520966,-12.0
728.0,0.05847912281751633,-12.0
729.0,0.05834931507706642,-12.0
730.0,0.05818483978509903,-12.0
731.0,0.057994596660137177,-12.0
732.0,0.05778935179114342,-12.0
733.0,0.057611532509326935,-12.0
734.0,0.05745583027601242,-12.0
735.0,0.05731351673603058,-12.0
736.0,0.05717073008418083,-12.0
737.0,0.057030051946640015,-12.0
738.0,0.056909915059804916,-12.0
739.0,0.05681178346276283,-12.0
740.0,0.05673845484852791,-12.0
741.0,0.05668678879737854,-12.0
742.0,0.05665392056107521,-12.0
743.0,0.0566365122795105,-12.0
744.0,0.05662890151143074,-12.0
745.0,0.05662695690989494,-12.0
746.0,0.056627366691827774,-12.0
747.0,0.05662739276885986,-12.0
748.0,0.056630950421094894,-12.0
749.0,0.056630972772836685,-12.0
750.0,0.056629911065101624,-12.0
751.0,0.056631069630384445,-12.0
752.0,0.05662890151143074,-12.0
753.0,0.056624624878168106,-12.0
754.0,0.05662861466407776,-12.0
755.0,0.05663161352276802,-12.0
756.0,0.05663179233670235,-12.0
757.0,0.056667689234018326,-12.0
758.0,0.056742556393146515,-12.0
759.0,0.056835073977708817,-12.0
760.0,0.056911226361989975,-12.0
761.0,0.05695592239499092,-12.0
762.0,0.05697169527411461,-12.0
763.0,0.057072050869464874,-12.0
764.0,0.05719570070505142,-12.0
765.0,0.05729314312338829,-12.0
766.0,0.05739307031035423,-12.0
767.0,0.05750301480293274,-12.0
768.0,0.057624515146017075,-12.0
769.0,0.057777613401412964,-12.0
770.0,0.0579504668712616,-12.0
771.0,0.0580892488360405,-12.0
772.0,0.05817660689353943,-12.0
773.0,0.05826113373041153,-12.0
774.0,0.058547332882881165,-12.0
775.0,0.058648593723773956,-12.0
776.0,0.05865611881017685,-12.0
777.0,0.058606356382369995,-12.0
778.0,0.058625057339668274,-12.0
779.0,0.05880649387836456,-12.0
780.0,0.05874522030353546,-12.0
781.0,0.058635927736759186,-12.0
782.0,0.05850599706172943,-12.0
783.0,0.05834611505270004,-12.0
784.0,0.058157943189144135,-12.0
785.0,0.057956814765930176,-12.0
786.0,0.0577390193939209,-12.0
787.0,0.05747164785861969,-12.0
788.0,0.05717091262340546,-12.0
789.0,0.05695435404777527,-12.0
790.0,0.05676434934139252,-12.0
791.0,0.05654555559158325,-12.0
792.0,0.05628914386034012,-12.0
793.0,0.05601225048303604,-12.0
794.0,0.05569690465927124,-12.0
795.0,0.055324338376522064,-12.0
796.0,0.05494590848684311,-12.0
797.0,0.05458207428455353,-12.0
798.0,0.05423228442668915,-12.0
799.0,0.053880564868450165,-12.0
800.0,0.05352485924959183,-12.0
801.0,0.05315331369638443,-12.0
802.0,0.05275444686412811,-12.0
803.0,0.05232669413089752,-12.0
804.0,0.051878996193408966,-12.0
805.0,0.051401153206825256,-12.0
806.0,0.05079127103090286,-12.0
807.0,0.05005122721195221,-12.0
808.0,0.04911959171295166,-12.0
809.0,0.047886691987514496,-12.0
810.0,0.04647190868854523,-12.0
811.0,0.04485534131526947,-12.0
812.0,0.043065764009952545,-12.0
813.0,0.04110381007194519,-12.0
814.0,0.03898387402296066,-12.0
815.0,0.036949917674064636,-12.0
816.0,0.03558596968650818,-12.0
817.0,0.03561624884605408,-12.0
818.0,0.03561584651470184,-12.0
819.0,0.03561444580554962,-12.0
820.0,0.03561881184577942,-12.0
821.0,0.035624414682388306,-12.0
822.0,0.03575979173183441,-12.0
823.0,0.03587104380130768,-12.0
824.0,0.03593960404396057,-12.0
825.0,0.03600284457206726,-12.0
826.0,0.0360720157623291,-12.0
827.0,0.036143288016319275,-12.0
828.0,0.03619515895843506,-12.0
829.0,0.03622855246067047,-12.0
830.0,0.036254167556762695,-12.0
831.0,0.03627559542655945,-12.0
832.0,0.03599114716053009,-12.0
833.0,0.03570142388343811,-12.0
834.0,0.03579813241958618,-12.0
835.0,0.0360247939825058,-12.0
836.0,0.03611353039741516,-12.0
837.0,0.036136746406555176,-12.0
838.0,0.036172375082969666,-12.0
839.0,0.0361546128988266,-12.0
840.0,0.03612817823886871,-12.0
841.0,0.03607833385467529,-12.0
842.0,0.03601330518722534,-12.0
843.0,0.035938650369644165,-12.0
844.0,0.035901933908462524,-12.0
845.0,0.03586670756340027,-12.0
846.0,0.0358462929725647,-12.0
847.0,0.035816505551338196,-12.0
848.0,0.035860806703567505,-12.0
849.0,0.03587330877780914,-12.0
850.0,0.03588256239891052,-12.0
851.0,0.035864993929862976,-12.0
852.0,0.03588935732841492,-12.0
853.0,0.03592124581336975,-12.0
854.0,0.03590276837348938,-12.0
855.0,0.035867318511009216,-12.0
856.0,0.03580819070339203,-12.0
857.0,0.03577937185764313,-12.0
858.0,0.03575555980205536,-12.0
859.0,0.03569875657558441,-12.0
860.0,0.035705119371414185,-12.0
861.0,0.03570476174354553,-12.0
862.0,0.035391271114349365,-12.0
863.0,0.035062044858932495,-12.0
864.0,0.03473538160324097,-12.0
865.0,0.0344255268573761,-12.0
866.0,0.03417167067527771,-12.0
867.0,0.033969342708587646,-12.0
868.0,0.033760517835617065,-12.0
869.0,0.03354835510253906,-12.0
870.0,0.033350080251693726,-12.0
871.0,0.03316450119018555,-12.0
872.0,0.032990992069244385,-12.0
873.0,0.03283679485321045,-12.0
874.0,0.0327087938785553,-12.0
875.0,0.032613128423690796,-12.0
876.0,0.03257450461387634,-12.0
877.0,0.032587528228759766,-12.0
878.0,0.03264135122299194,-12.0
879.0,0.032725512981414795,-12.0
880.0,0.0328369140625,-12.0
881.0,0.032969146966934204,-12.0
882.0,0.033112019300460815,-12.0
883.0,0.0332583487033844,-12.0
884.0,0.03339946269989014,-12.0
885.0,0.03352823853492737,-12.0
886.0,0.03363829851150513,-12.0
887.0,0.033701926469802856,-12.0
888.0,0.03373083472251892,-12.0
889.0,0.03372710943222046,-12.0
890.0,0.033701926469802856,-12.0
891.0,0.03375658392906189,-12.0
892.0,0.034766554832458496,-12.0
893.0,0.035092711448669434,-12.0
894.0,0.03536537289619446,-12.0
895.0,0.03559452295303345,-12.0
896.0,0.035785168409347534,-12.0
897.0,0.03596276044845581,-12.0
898.0,0.03612402081489563,-12.0
899.0,0.03624182939529419,-12.0
900.0,0.03632041811943054,-12.0
901.0,0.03640034794807434,-12.0
902.0,0.03647837042808533,-12.0
903.0,0.036547183990478516,-12.0
904.0,0.036619365215301514,-12.0
905.0,0.036652058362960815,-12.0
906.0,0.03664618730545044,-12.0
907.0,0.03666090965270996,-12.0
908.0,0.03674343228340149,-12.0
909.0,0.03683164715766907,-12.0
910.0,0.03691557049751282,-12.0
911.0,0.03699260950088501,-12.0
912.0,0.03706151247024536,-12.0
913.0,0.03711169958114624,-12.0
914.0,0.037154942750930786,-12.0
915.0,0.037205010652542114,-12.0
916.0,0.037249088287353516,-12.0
917.0,0.03727632761001587,-12.0
918.0,0.03727763891220093,-12.0
919.0,0.03725385665893555,-12.0
920.0,0.037216752767562866,-12.0
921.0,0.03717309236526489,-12.0
922.0,0.037122130393981934,-12.0
923.0,0.037053197622299194,-12.0
924.0,0.03697580099105835,-12.0
925.0,0.03689047694206238,-12.0
926.0,0.036784619092941284,-12.0
927.0,0.036660730838775635,-12.0
928.0,0.036535412073135376,-12.0
929.0,0.03639805316925049,-12.0
930.0,0.03625717759132385,-12.0
931.0,0.03612866997718811,-12.0
932.0,0.03600075840950012,-12.0
933.0,0.03585049510002136,-12.0
934.0,0.03569337725639343,-12.0
935.0,0.03553017973899841,-12.0
936.0,0.03536224365234375,-12.0
937.0,0.03518557548522949,-12.0
938.0,0.03500896692276001,-12.0
939.0,0.03483667969703674,-12.0
940.0,0.03466498851776123,-12.0
941.0,0.034492164850234985,-12.0
942.0,0.034282296895980835,-12.0
943.0,0.0340537428855896,-12.0
944.0,0.03381320834159851,-12.0
945.0,0.03354877233505249,-12.0
946.0,0.03326183557510376,-12.0
947.0,0.03299030661582947,-12.0
948.0,0.03272503614425659,-12.0
949.0,0.03245645761489868,-12.0
950.0,0.03218233585357666,-12.0
951.0,0.03189826011657715,-12.0
952.0,0.031601667404174805,-12.0
953.0,0.03128516674041748,-12.0
954.0,0.03093421459197998,-12.0
955.0,0.030532777309417725,-12.0
956.0,0.03013145923614502,-12.0
957.0,0.029768705368041992,-12.0
958.0,0.029454290866851807,-12.0
959.0,0.029129743576049805,-12.0
960.0,0.028581619262695312,-12.0
961.0,0.028017878532409668,-12.0
962.0,0.027474582195281982,-12.0
963.0,0.026968181133270264,-12.0
964.0,0.02650749683380127,-12.0
965.0,0.026102781295776367,-12.0
966.0,0.025756478309631348,-12.0
967.0,0.02546525001525879,-12.0
968.0,0.025248587131500244,-12.0
969.0,0.02511805295944214,-12.0
970.0,0.025173425674438477,-12.0
971.0,0.02523517608642578,-12.0
972.0,0.025292396545410156,-12.0
973.0,0.02534562349319458,-12.0
974.0,0.025394737720489502,-12.0
975.0,0.025463759899139404,-12.0
976.0,0.02561807632446289,-12.0
977.0,0.025643885135650635,-12.0
978.0,0.025638222694396973,-12.0
979.0,0.025622069835662842,-12.0
980.0,0.02559596300125122,-12.0
981.0,0.02556222677230835,-12.0
982.0,0.02552497386932373,-12.0
983.0,0.02549201250076294,-12.0
984.0,0.025461435317993164,-12.0
985.0,0.025430679321289062,-12.0
986.0,0.02539891004562378,-12.0
987.0,0.02535867691040039,-12.0
988.0,0.025336921215057373,-12.0
989.0,0.02540034055709839,-12.0
990.0,0.025616228580474854,-12.0
991.0,0.025784850120544434,-12.0
992.0,0.02590125799179077,-12.0
993.0,0.02598625421524048,-12.0
994.0,0.02604597806930542,-12.0
995.0,0.026075303554534912,-12.0
996.0,0.026079833507537842,-12.0
997.0,0.026070833206176758,-12.0
998.0,0.026063084602355957,-12.0
999.0,0.02604883909225464,-12.0
1000.0,0.02603095769882202,-12.0
1001.0,0.02599656581878662,-12.0
1002.0,0.025935113430023193,-12.0
1003.0,0.025767505168914795,-12.0
1004.0,0.025674402713775635,-12.0
1005.0,0.02565842866897583,-12.0
1006.0,0.025641441345214844,-12.0
1007.0,0.025638461112976074,-12.0
1008.0,0.025654613971710205,-12.0
1009.0,0.025641560554504395,-12.0
1010.0,0.025591790676116943,-12.0
1011.0,0.025532543659210205,-12.0
1012.0,0.02566462755203247,-12.0
1013.0,0.025662660598754883,-12.0
1014.0,0.025823473930358887,-12.0
1015.0,0.02598625421524048,-12.0
1016.0,0.02570408582687378,-12.0
1017.0,0.025607287883758545,-12.0
1018.0,0.02556896209716797,-12.0
1019.0,0.02547222375869751,-12.0
1020.0,0.024452686309814453,-12.0
1021.0,0.023598909378051758,-12.0
1022.0,0.023636043071746826,-12.0
1023.0,0.02376103401184082,-12.0
1024.0,0.02389347553253174,-12.0
1025.0,0.02395474910736084,-12.0
1026.0,0.023949146270751953,-12.0
1027.0,0.02390575408935547,-12.0
1028.0,0.02383524179458618,-12.0
1029.0,0.023720264434814453,-12.0
1030.0,0.023562729358673096,-12.0
1031.0,0.023365676403045654,-12.0
1032.0,0.02314770221710205,-12.0
1033.0,0.02292501926422119,-12.0
1034.0,0.02270054817199707,-12.0
1035.0,0.022500216960906982,-12.0
1036.0,0.022335410118103027,-12.0
1037.0,0.022130191326141357,-12.0
1038.0,0.022025346755981445,-12.0
1039.0,0.022179245948791504,-12.0
1040.0,0.022334039211273193,-12.0
1041.0,0.022473812103271484,-12.0
1042.0,0.022581636905670166,-12.0
1043.0,0.022650182247161865,-12.0
1044.0,0.022684872150421143,-12.0
1045.0,0.02269381284713745,-12.0
1046.0,0.022706151008605957,-12.0
1047.0,0.022729337215423584,-12.0
1048.0,0.022717714309692383,-12.0
1049.0,0.022686243057250977,-12.0
1050.0,0.0226515531539917,-12.0
1051.0,0.02299898862838745,-12.0
1052.0,0.023382186889648438,-12.0
1053.0,0.02377140522003174,-12.0
1054.0,0.024156510829925537,-12.0
1055.0,0.024515807628631592,-12.0
1056.0,0.024889886379241943,-12.0
1057.0,0.02526324987411499,-12.0
1058.0,0.025629520416259766,-12.0
1059.0,0.025973737239837646,-12.0
1060.0,0.02629917860031128,-12.0
1061.0,0.026606500148773193,-12.0
1062.0,0.026890933513641357,-12.0
1063.0,0.02715611457824707,-12.0
1064.0,0.027405142784118652,-12.0
1065.0,0.02764064073562622,-12.0
1066.0,0.02785712480545044,-12.0
1067.0,0.028063654899597168,-12.0
1068.0,0.028259456157684326,-12.0
1069.0,0.02844899892807007,-12.0
1070.0,0.02858215570449829,-12.0
1071.0,0.02865016460418701,-12.0
1072.0,0.028715193271636963,-12.0
1073.0,0.02879476547241211,-12.0
1074.0,0.028888404369354248,-12.0
1075.0,0.02899348735809326,-12.0
1076.0,0.02909940481185913,-12.0
1077.0,0.02920091152191162,-12.0
1078.0,0.02929532527923584,-12.0
1079.0,0.028868257999420166,-12.0
1080.0,0.02794623374938965,-12.0
1081.0,0.027353644371032715,-12.0
1082.0,0.027152419090270996,-12.0
1083.0,0.02713865041732788,-12.0
1084.0,0.02712303400039673,-12.0
1085.0,0.02707517147064209,-12.0
1086.0,0.0271340012550354,-12.0
1087.0,0.027226150035858154,-12.0
1088.0,0.027282238006591797,-12.0
1089.0,0.027295410633087158,-12.0
1090.0,0.027256250381469727,-12.0
1091.0,0.027166545391082764,-12.0
1092.0,0.027028977870941162,-12.0
1093.0,0.02684652805328369,-12.0
1094.0,0.026616215705871582,-12.0
1095.0,0.02634340524673462,-12.0
1096.0,0.02636319398880005,-12.0
1097.0,0.02652508020401001,-12.0
1098.0,0.026677072048187256,-12.0
1099.0,0.026817917823791504,-12.0
1100.0,0.02694922685623169,-12.0
1101.0,0.027076661586761475,0.0
1102.0,0.027194559574127197,0.0
1103.0,0.027302443981170654,0.0
1104.0,0.027400970458984375,0.0
1105.0,0.0274885892868042,0.0
1106.0,0.02756786346435547,0.0
1107.0,0.027641773223876953,0.0
1108.0,0.027709901332855225,0.0
1109.0,0.027766525745391846,0.0
1110.0,0.027811646461486816,0.0
1111.0,0.027847588062286377,0.0
1112.0,0.027875185012817383,0.0
1113.0,0.027894794940948486,0.0
1114.0,0.027906835079193115,0.0
1115.0,0.027908742427825928,0.0
1116.0,0.02790200710296631,0.0
1117.0,0.027884960174560547,0.0
1118.0,0.027850747108459473,0.0
1119.0,0.02779608964920044,0.0
1120.0,0.027731657028198242,0.0
1121.0,0.02765834331512451,0.0
1122.0,0.027576148509979248,0.0
1123.0,0.027487754821777344,0.0
1124.0,0.02739250659942627,0.0
1125.0,0.02729123830795288,0.0
1126.0,0.027178585529327393,0.0
1127.0,0.027055740356445312,0.0
1128.0,0.026921749114990234,0.0
1129.0,0.026776492595672607,0.0
1130.0,0.026619255542755127,0.0
1131.0,0.02644813060760498,0.0
1132.0,0.02625483274459839,0.0
1133.0,0.02605593204498291,0.0
1134.0,0.025853514671325684,0.0
1135.0,0.025646448135375977,0.0
1136.0,0.025442123413085938,0.0
1137.0,0.025240063667297363,0.0
1138.0,0.02504020929336548,0.0
1139.0,0.024841725826263428,0.0
1140.0,0.024642586708068848,0.0
1141.0,0.024443447589874268,0.0
1142.0,0.02424490451812744,0.0
1143.0,0.024044811725616455,0.0
1144.0,0.023843050003051758,0.0
1145.0,0.023640871047973633,0.0
1146.0,0.023440003395080566,0.0
1147.0,0.023244619369506836,0.0
1148.0,0.02305537462234497,0.0
1149.0,0.022872567176818848,0.0
1150.0,0.022696614265441895,0.0
1151.0,0.022525370121002197,0.0
1152.0,0.022357404232025146,0.0
1153.0,0.022192299365997314,0.0
1154.0,0.022030949592590332,0.0
1155.0,0.021874308586120605,0.0
1156.0,0.021722137928009033,0.0
1157.0,0.02157449722290039,0.0
1158.0,0.021432340145111084,0.0
1159.0,0.021296322345733643,0.0
1160.0,0.02116680145263672,0.0
1161.0,0.021044373512268066,0.0
1162.0,0.021000027656555176,0.0
1163.0,0.021117866039276123,0.0
1164.0,0.021230578422546387,0.0
1165.0,0.021347463130950928,0.0
1166.0,0.021472513675689697,0.0
1167.0,0.021589815616607666,0.0
1168.0,0.021699965000152588,0.0
1169.0,0.02180647850036621,0.0
1170.0,0.021912693977355957,0.0
1171.0,0.022009611129760742,0.0
1172.0,0.022093355655670166,0.0
1173.0,0.02216726541519165,0.0
1174.0,0.022236168384552002,0.0
1175.0,0.02229839563369751,0.0
1176.0,0.022355377674102783,0.0
1177.0,0.02242136001586914,0.0
1178.0,0.022487998008728027,0.0
1179.0,0.02255147695541382,0.0
1180.0,0.02261108160018921,0.0
1181.0,0.022664129734039307,0.0
1182.0,0.022709786891937256,0.0
1183.0,0.022817373275756836,0.0
1184.0,0.022851765155792236,0.0
1185.0,0.022949397563934326,0.0
1186.0,0.023081660270690918,0.0
1187.0,0.023217499256134033,0.0
1188.0,0.023407161235809326,0.0
1189.0,0.023636996746063232,0.0
1190.0,0.02385503053665161,0.0
1191.0,0.024042248725891113,0.0
1192.0,0.024197757244110107,0.0
1193.0,0.02431333065032959,0.0
1194.0,0.024392783641815186,0.0
1195.0,0.02444934844970703,0.0
1196.0,0.024486422538757324,0.0
1197.0,0.024505615234375,0.0
1198.0,0.024515748023986816,0.0
1199.0,0.024519741535186768,0.0
1200.0,0.02451944351196289,0.0
1201.0,0.0245169997215271,-12.0
1202.0,0.024499833583831787,-12.0
1203.0,0.024509906768798828,-12.0
1204.0,0.024541735649108887,-12.0
1205.0,0.024560511112213135,-12.0
1206.0,0.024554073810577393,-12.0
1207.0,0.024530410766601562,-12.0
1208.0,0.024438202381134033,-12.0
1209.0,0.024330854415893555,-12.0
1210.0,0.024245023727416992,-12.0
1211.0,0.024170517921447754,-12.0
1212.0,0.0240744948387146,-12.0
1213.0,0.023945629596710205,-12.0
1214.0,0.02376413345336914,-12.0
1215.0,0.02352774143218994,-12.0
1216.0,0.023258984088897705,-12.0
1217.0,0.022896945476531982,-12.0
1218.0,0.022435128688812256,-12.0
1219.0,0.021939396858215332,-12.0
1220.0,0.021434247493743896,-12.0
1221.0,0.020936548709869385,-12.0
1222.0,0.020448505878448486,-12.0
1223.0,0.019958674907684326,-12.0
1224.0,0.019509971141815186,-12.0
1225.0,0.019114434719085693,-12.0
1226.0,0.018766403198242188,-12.0
1227.0,0.018740415573120117,-12.0
1228.0,0.018803656101226807,-12.0
1229.0,0.018922626972198486,-12.0
1230.0,0.018935799598693848,-12.0
1231.0,0.0190545916557312,-12.0
1232.0,0.019247710704803467,-12.0
1233.0,0.019378602504730225,-12.0
1234.0,0.019408464431762695,-12.0
1235.0,0.019529223442077637,-12.0
1236.0,0.019680678844451904,-12.0
1237.0,0.019959568977355957,-12.0
1238.0,0.019906461238861084,-12.0
1239.0,0.019170820713043213,-12.0
1240.0,0.019642770290374756,-12.0
1241.0,0.020630240440368652,-12.0
1242.0,0.021784842014312744,-12.0
1243.0,0.023335635662078857,-12.0
1244.0,0.024229109287261963,-12.0
1245.0,0.02470952272415161,-12.0
1246.0,0.02512449026107788,-12.0
1247.0,0.025782763957977295,-12.0
1248.0,0.02644449472427368,-12.0
1249.0,0.027060389518737793,-12.0
1250.0,0.027383863925933838,-12.0
1251.0,0.027644097805023193,-12.0
1252.0,0.027719557285308838,-12.0
1253.0,0.027541518211364746,-12.0
1254.0,0.0271417498588562,-12.0
1255.0,0.026825368404388428,-12.0
1256.0,0.02683877944946289,-12.0
1257.0,0.02686750888824463,-12.0
1258.0,0.02697354555130005,-12.0
1259.0,0.02700752019882202,-12.0
1260.0,0.02689439058303833,-12.0
1261.0,0.02680116891860962,-12.0
1262.0,0.026705384254455566,-12.0
1263.0,0.026494085788726807,-12.0
1264.0,0.026486873626708984,-12.0
1265.0,0.027220427989959717,-12.0
1266.0,0.028029680252075195,-12.0
1267.0,0.027586519718170166,-12.0
1268.0,0.026875853538513184,-12.0
1269.0,0.027099668979644775,-12.0
1270.0,0.027215778827667236,-12.0
1271.0,0.027446866035461426,-12.0
1272.0,0.027418434619903564,-12.0
1273.0,0.0267561674118042,-12.0
1274.0,0.025741934776306152,-12.0
1275.0,0.024689197540283203,-12.0
1276.0,0.02488642930984497,-12.0
1277.0,0.025404036045074463,-12.0
1278.0,0.025809884071350098,-12.0
1279.0,0.026313185691833496,-12.0
1280.0,0.0269089937210083,-12.0
1281.0,0.027693986892700195,-12.0
1282.0,0.02804511785507202,-12.0
1283.0,0.02808964252471924,-12.0
1284.0,0.027610421180725098,-12.0
1285.0,0.0270119309425354,-12.0
1286.0,0.026879191398620605,-12.0
1287.0,0.02694040536880493,-12.0
1288.0,0.026422977447509766,-12.0
1289.0,0.024756014347076416,-12.0
1290.0,0.022549808025360107,-12.0
1291.0,0.021426022052764893,-12.0
1292.0,0.02222263813018799,-12.0
1293.0,0.02346247434616089,-12.0
1294.0,0.024433910846710205,-12.0
1295.0,0.02527594566345215,-12.0
1296.0,0.025870978832244873,-12.0
1297.0,0.025900602340698242,-12.0
1298.0,0.02542698383331299,-12.0
1299.0,0.025209248065948486,-12.0
1300.0,0.02487391233444214,-12.0
1301.0,0.02452695369720459,-12.0
1302.0,0.024055957794189453,-12.0
1303.0,0.02337104082107544,-12.0
1304.0,0.021818220615386963,-12.0
1305.0,0.021408557891845703,-12.0
1306.0,0.02195030450820923,-12.0
1307.0,0.021548807621002197,-12.0
1308.0,0.021226882934570312,-12.0
1309.0,0.02097463607788086,-12.0
1310.0,0.02033287286758423,-12.0
1311.0,0.020515859127044678,-12.0
1312.0,0.02050936222076416,-12.0
1313.0,0.020322561264038086,-12.0
1314.0,0.020348727703094482,-12.0
1315.0,0.020412564277648926,-12.0
1316.0,0.020347654819488525,-12.0
1317.0,0.01947420835494995,-12.0
1318.0,0.019032299518585205,-12.0
1319.0,0.019585609436035156,-12.0
1320.0,0.0198400616645813,-12.0
1321.0,0.019916415214538574,-12.0
1322.0,0.019808948040008545,-12.0
1323.0,0.019234895706176758,-12.0
1324.0,0.01905149221420288,-12.0
1325.0,0.01946645975112915,-12.0
1326.0,0.019811153411865234,-12.0
1327.0,0.01946645975112915,-12.0
1328.0,0.019564032554626465,-12.0
1329.0,0.020092785358428955,-12.0
1330.0,0.021697819232940674,-12.0
1331.0,0.022681713104248047,-12.0
1332.0,0.02251899242401123,-12.0
1333.0,0.022827088832855225,-12.0
1334.0,0.023299098014831543,-12.0
1335.0,0.0232582688331604,-12.0
1336.0,0.02241837978363037,-12.0
1337.0,0.022406041622161865,-12.0
1338.0,0.022027790546417236,-12.0
1339.0,0.021746516227722168,-12.0
1340.0,0.02132052183151245,-12.0
1341.0,0.021531224250793457,-12.0
1342.0,0.021268725395202637,-12.0
1343.0,0.020879089832305908,-12.0
1344.0,0.020806431770324707,-12.0
1345.0,0.020394742488861084,-12.0
1346.0,0.020216405391693115,-12.0
1347.0,0.020815134048461914,-12.0
1348.0,0.02111208438873291,-12.0
1349.0,0.021246910095214844,-12.0
1350.0,0.02076852321624756,-12.0
1351.0,0.020957589149475098,-12.0
1352.0,0.021443724632263184,-12.0
1353.0,0.021216750144958496,-12.0
1354.0,0.02105051279067993,-12.0
1355.0,0.020982980728149414,-12.0
1356.0,0.02217024564743042,-12.0
1357.0,0.023335754871368408,-12.0
1358.0,0.023897290229797363,-12.0
1359.0,0.024106383323669434,-12.0
1360.0,0.02470308542251587,-12.0
1361.0,0.024893224239349365,-12.0
1362.0,0.024466514587402344,-12.0
1363.0,0.024403691291809082,-12.0
1364.0,0.02428901195526123,-12.0
1365.0,0.0240250825881958,-12.0
1366.0,0.02362358570098877,-12.0
1367.0,0.023882508277893066,-12.0
1368.0,0.02349191904067993,-12.0
1369.0,0.0227774977684021,-12.0
1370.0,0.02231144905090332,-12.0
1371.0,0.022261738777160645,-12.0
1372.0,0.022553682327270508,-12.0
1373.0,0.023057222366333008,-12.0
1374.0,0.023648858070373535,-12.0
1375.0,0.023629844188690186,-12.0
1376.0,0.023502886295318604,-12.0
1377.0,0.02343285083770752,-12.0
1378.0,0.023886263370513916,-12.0
1379.0,0.02389836311340332,-12.0
1380.0,0.023987650871276855,-12.0
1381.0,0.024952471256256104,-12.0
1382.0,0.026029467582702637,-12.0
1383.0,0.02605658769607544,-12.0
1384.0,0.025898218154907227,-12.0
1385.0,0.026031851768493652,-12.0
1386.0,0.02618318796157837,-12.0
1387.0,0.02648484706878662,-12.0
1388.0,0.0268019437789917,-12.0
1389.0,0.02671957015991211,-12.0
1390.0,0.02619147300720215,-12.0
1391.0,0.025744497776031494,-12.0
1392.0,0.025455355644226074,-12.0
1393.0,0.02523905038833618,-12.0
1394.0,0.025204360485076904,-12.0
1395.0,0.025767266750335693,-12.0
1396.0,0.0264585018157959,-12.0
1397.0,0.026821136474609375,-12.0
1398.0,0.02715510129928589,-12.0
1399.0,0.027932822704315186,-12.0
1400.0,0.028188228607177734,-12.0
1401.0,0.028086602687835693,-12.0
1402.0,0.028123438358306885,-12.0
1403.0,0.02838963270187378,-12.0
1404.0,0.028140544891357422,-12.0
1405.0,0.02776813507080078,-12.0
1406.0,0.027621746063232422,-12.0
1407.0,0.027126550674438477,-12.0
1408.0,0.02674812078475952,-12.0
1409.0,0.026766061782836914,-12.0
1410.0,0.026789188385009766,-12.0
1411.0,0.026891589164733887,-12.0
1412.0,0.0272940993309021,-12.0
1413.0,0.028270184993743896,-12.0
1414.0,0.028609871864318848,-12.0
1415.0,0.028490006923675537,-12.0
1416.0,0.028489530086517334,-12.0
1417.0,0.028782308101654053,-12.0
1418.0,0.028847455978393555,-12.0
1419.0,0.028542041778564453,-12.0
1420.0,0.02895432710647583,-12.0
1421.0,0.028871119022369385,-12.0
1422.0,0.028580069541931152,-12.0
1423.0,0.028424978256225586,-12.0
1424.0,0.02830260992050171,-12.0
1425.0,0.028258442878723145,-12.0
1426.0,0.028564751148223877,-12.0
1427.0,0.02954620122909546,-12.0
1428.0,0.02989780902862549,-12.0
1429.0,0.029754579067230225,-12.0
1430.0,0.02964681386947632,-12.0
1431.0,0.030298054218292236,-12.0
1432.0,0.0303763747215271,-12.0
1433.0,0.02995896339416504,-12.0
1434.0,0.03020298480987549,-12.0
1435.0,0.030219554901123047,-12.0
1436.0,0.029978156089782715,-12.0
1437.0,0.02990567684173584,-12.0
1438.0,0.029837071895599365,-12.0
1439.0,0.02974599599838257,-12.0
1440.0,0.029869139194488525,-12.0
1441.0,0.030689537525177002,-12.0
1442.0,0.031104862689971924,-12.0
1443.0,0.030862629413604736,-12.0
1444.0,0.03092128038406372,-12.0
1445.0,0.031567931175231934,-12.0
1446.0,0.031668126583099365,-12.0
1447.0,0.03104233741760254,-12.0
1448.0,0.03075563907623291,-12.0
1449.0,0.03023630380630493,-12.0
1450.0,0.03029310703277588,-12.0
1451.0,0.0304032564163208,-12.0
1452.0,0.030491769313812256,-12.0
1453.0,0.03066575527191162,-12.0
1454.0,0.03063523769378662,-12.0
1455.0,0.03107982873916626,-12.0
1456.0,0.03159666061401367,-12.0
1457.0,0.03127741813659668,-12.0
1458.0,0.031189382076263428,-12.0
1459.0,0.03198564052581787,-12.0
1460.0,0.03256326913833618,-12.0
1461.0,0.03180885314941406,-12.0
1462.0,0.0313534140586853,-12.0
1463.0,0.03122127056121826,-12.0
1464.0,0.03224039077758789,-12.0
1465.0,0.03253757953643799,-12.0
1466.0,0.03242558240890503,-12.0
1467.0,0.03268015384674072,-12.0
1468.0,0.03259241580963135,-12.0
1469.0,0.03253120183944702,-12.0
1470.0,0.03256756067276001,-12.0
1471.0,0.03233236074447632,-12.0
1472.0,0.03214651346206665,-12.0
1473.0,0.03272217512130737,-12.0
1474.0,0.03390616178512573,-12.0
1475.0,0.033848464488983154,-12.0
1476.0,0.03358584642410278,-12.0
1477.0,0.033753812313079834,-12.0
1478.0,0.03489482402801514,-12.0
1479.0,0.0348132848739624,-12.0
1480.0,0.03408926725387573,-12.0
1481.0,0.03363478183746338,-12.0
1482.0,0.03420466184616089,-12.0
1483.0,0.03445464372634888,-12.0
1484.0,0.03437340259552002,-12.0
1485.0,0.03428846597671509,-12.0
1486.0,0.03432321548461914,-12.0
1487.0,0.03424257040023804,-12.0
1488.0,0.034744203090667725,-12.0
1489.0,0.034922242164611816,-12.0
1490.0,0.03456038236618042,-12.0
1491.0,0.03444570302963257,-12.0
1492.0,0.035349249839782715,-12.0
1493.0,0.03628551959991455,-12.0
1494.0,0.035558462142944336,-12.0
1495.0,0.035176992416381836,-12.0
1496.0,0.03540915250778198,-12.0
1497.0,0.0366094708442688,-12.0
1498.0,0.03657180070877075,-12.0
1499.0,0.03578728437423706,-12.0
1500.0,0.03530323505401611,-12.0
1501.0,0.03587418794631958,-12.0
1502.0,0.036178410053253174,-12.0
1503.0,0.036060333251953125,-12.0
1504.0,0.0358201265335083,-12.0
1505.0,0.03577470779418945,-12.0
1506.0,0.03593820333480835,-12.0
1507.0,0.03652745485305786,-12.0
1508.0,0.03653353452682495,-12.0
1509.0,0.03605484962463379,-12.0
1510.0,0.03586524724960327,-12.0
1511.0,0.03699302673339844,-12.0
1512.0,0.03801453113555908,-12.0
1513.0,0.037285029888153076,-12.0
1514.0,0.03681403398513794,-12.0
1515.0,0.03708535432815552,-12.0
1516.0,0.038562119007110596,-12.0
1517.0,0.038620591163635254,-12.0
1518.0,0.03740566968917847,-12.0
1519.0,0.036593496799468994,-12.0
1520.0,0.037450969219207764,-12.0
1521.0,0.038411617279052734,-12.0
1522.0,0.03830021619796753,-12.0
1523.0,0.03785240650177002,-12.0
1524.0,0.03753829002380371,-12.0
1525.0,0.03753429651260376,-12.0
1526.0,0.03785485029220581,-12.0
1527.0,0.037883222103118896,-12.0
1528.0,0.03750324249267578,-12.0
1529.0,0.037338972091674805,-12.0
1530.0,0.03799104690551758,-12.0
1531.0,0.03897184133529663,-12.0
1532.0,0.03875046968460083,-12.0
1533.0,0.03824955224990845,-12.0
1534.0,0.03804832696914673,-12.0
1535.0,0.03898817300796509,-12.0
1536.0,0.03980720043182373,-12.0
1537.0,0.038725197315216064,-12.0
1538.0,0.037793755531311035,-12.0
1539.0,0.03811967372894287,-12.0
1540.0,0.03948014974594116,-12.0
1541.0,0.04054594039916992,-12.0
1542.0,0.03945964574813843,-12.0
1543.0,0.038287997245788574,-12.0
1544.0,0.03848576545715332,-12.0
1545.0,0.03978449106216431,-12.0
1546.0,0.040039896965026855,-12.0
1547.0,0.039622724056243896,-12.0
1548.0,0.03913992643356323,-12.0
1549.0,0.039159297943115234,-12.0
1550.0,0.03952866792678833,-12.0
1551.0,0.039682626724243164,-12.0
1552.0,0.03924626111984253,-12.0
1553.0,0.03895002603530884,-12.0
1554.0,0.03919422626495361,-12.0
1555.0,0.04014873504638672,-12.0
1556.0,0.04021406173706055,-12.0
1557.0,0.03948026895523071,-12.0
1558.0,0.039108872413635254,-12.0
1559.0,0.03900629281997681,-12.0
1560.0,0.04095083475112915,-12.0
1561.0,0.041345179080963135,-12.0
1562.0,0.040199100971221924,-12.0
1563.0,0.03980553150177002,-12.0
1564.0,0.040087223052978516,-12.0
1565.0,0.041545212268829346,-12.0
1566.0,0.04176938533782959,-12.0
1567.0,0.040229737758636475,-12.0
1568.0,0.03921693563461304,-12.0
1569.0,0.039719462394714355,-12.0
1570.0,0.04145514965057373,-12.0
1571.0,0.04196864366531372,-12.0
1572.0,0.04084557294845581,-12.0
1573.0,0.03984487056732178,-12.0
1574.0,0.03995007276535034,-12.0
1575.0,0.04131746292114258,-12.0
1576.0,0.041779518127441406,-12.0
1577.0,0.04144519567489624,-12.0
1578.0,0.040940046310424805,-12.0
1579.0,0.04078793525695801,-12.0
1580.0,0.041308581829071045,-12.0
1581.0,0.04174232482910156,-12.0
1582.0,0.04131639003753662,-12.0
1583.0,0.04107123613357544,-12.0
1584.0,0.04103648662567139,-12.0
1585.0,0.04167520999908447,-12.0
1586.0,0.04181218147277832,-12.0
1587.0,0.04124647378921509,-12.0
1588.0,0.04088854789733887,-12.0
1589.0,0.04082220792770386,-12.0
1590.0,0.04163414239883423,0.0
1591.0,0.042630791664123535,0.0
1592.0,0.042009711265563965,0.0
1593.0,0.041335344314575195,0.0
1594.0,0.04098743200302124,0.0
1595.0,0.04150056838989258,0.0
1596.0,0.043425559997558594,0.0
1597.0,0.04289102554321289,0.0
1598.0,0.04171168804168701,0.0
1599.0,0.041425108909606934,0.0
1600.0,0.0413132905960083,0.0
1601.0,0.04289191961288452,0.0
1602.0,0.044399261474609375,0.0
1603.0,0.04296302795410156,0.0
1604.0,0.041709721088409424,0.0
1605.0,0.041602134704589844,0.0
1606.0,0.04225403070449829,0.0
1607.0,0.043972015380859375,0.0
1608.0,0.04390239715576172,0.0
1609.0,0.04241377115249634,0.0
1610.0,0.04129791259765625,0.0
1611.0,0.04106950759887695,0.0
1612.0,0.04192119836807251,0.0
1613.0,0.04359811544418335,0.0
1614.0,0.043917953968048096,0.0
1615.0,0.04276770353317261,0.0
1616.0,0.04166322946548462,0.0
1617.0,0.041137874126434326,0.0
1618.0,0.041413813829422,0.0
1619.0,0.04274076223373413,0.0
1620.0,0.04393771290779114,0.0
1621.0,0.043864935636520386,0.0
1622.0,0.042784303426742554,0.0
1623.0,0.04197967052459717,0.0
1624.0,0.04156985878944397,0.0
1625.0,0.041666001081466675,0.0
1626.0,0.04273560643196106,0.0
1627.0,0.04387938976287842,0.0
1628.0,0.044149816036224365,0.0
1629.0,0.04354071617126465,0.0
1630.0,0.04270008206367493,0.0
1631.0,0.04227423667907715,0.0
1632.0,0.042122453451156616,0.0
1633.0,0.04240235686302185,0.0
1634.0,0.04343384504318237,0.0
1635.0,0.04409345984458923,0.0
1636.0,0.04423266649246216,0.0
1637.0,0.04378393292427063,0.0
1638.0,0.04321843385696411,0.0
1639.0,0.04281127452850342,0.0
1640.0,0.04268425703048706,0.0
1641.0,0.042759209871292114,0.0
1642.0,0.04344257712364197,0.0
1643.0,0.0442272424697876,0.0
1644.0,0.04450565576553345,0.0
1645.0,0.044491320848464966,0.0
1646.0,0.0440710186958313,0.0
1647.0,0.04367533326148987,0.0
1648.0,0.043390363454818726,0.0
1649.0,0.0433310866355896,0.0
1650.0,0.04337474703788757,0.0
1651.0,0.04373332858085632,0.0
1652.0,0.04438328742980957,0.0
1653.0,0.04473167657852173,0.0
1654.0,0.04480654001235962,0.0
1655.0,0.04469338059425354,0.0
1656.0,0.04431191086769104,0.0
1657.0,0.0440029501914978,0.0
1658.0,0.04378500580787659,0.0
1659.0,0.043720781803131104,0.0
1660.0,0.04383590817451477,0.0
1661.0,0.04396495223045349,0.0
1662.0,0.04434356093406677,0.0
1663.0,0.04481092095375061,0.0
1664.0,0.04489552974700928,0.0
1665.0,0.044871360063552856,0.0
1666.0,0.04475024342536926,0.0
1667.0,0.044453054666519165,0.0
1668.0,0.04411423206329346,0.0
1669.0,0.043906986713409424,0.0
1670.0,0.043842166662216187,0.0
1671.0,0.04389914870262146,0.0
1672.0,0.04407155513763428,0.0
1673.0,0.044196873903274536,0.0
1674.0,0.04448884725570679,0.0
1675.0,0.04482215642929077,0.0
1676.0,0.044950634241104126,0.0
1677.0,0.04485708475112915,0.0
1678.0,0.04479795694351196,0.0
1679.0,0.04466879367828369,0.0
1680.0,0.044397443532943726,0.0
1681.0,0.044124454259872437,0.0
1682.0,0.043939173221588135,0.0
1683.0,0.04385682940483093,0.0
1684.0,0.04387053847312927,0.0
1685.0,0.04399821162223816,0.0
1686.0,0.044150978326797485,0.0
1687.0,0.04424139857292175,0.0
1688.0,0.04453703761100769,0.0
1689.0,0.04477423429489136,0.0
1690.0,0.045002281665802,0.0
1691.0,0.044949620962142944,0.0
1692.0,0.044919490814208984,0.0
1693.0,0.04489099979400635,0.0
1694.0,0.044815897941589355,0.0
1695.0,0.044632405042648315,0.0
1696.0,0.04440191388130188,0.0
1697.0,0.044233500957489014,0.0
1698.0,0.044102758169174194,0.0
1699.0,0.044041067361831665,0.0
1700.0,0.04406231641769409,0.0
1701.0,0.0441184937953949,0.0
1702.0,0.044230759143829346,0.0
1703.0,0.0442882776260376,0.0
1704.0,0.04433503746986389,0.0
1705.0,0.044565558433532715,0.0
1706.0,0.044805824756622314,0.0
1707.0,0.04498344659805298,0.0
1708.0,0.044986873865127563,0.0
1709.0,0.04499080777168274,0.0
1710.0,0.045019716024398804,0.0
1711.0,0.045063018798828125,0.0
1712.0,0.045082658529281616,0.0
1713.0,0.045012980699539185,0.0
1714.0,0.04480564594268799,0.0
1715.0,0.04461407661437988,0.0
1716.0,0.044457972049713135,0.0
1717.0,0.04433891177177429,0.0
1718.0,0.04424116015434265,0.0
1719.0,0.04421928524971008,0.0
1720.0,0.044241905212402344,0.0
1721.0,0.04428759217262268,0.0
1722.0,0.04432728886604309,0.0
1723.0,0.044360458850860596,0.0
1724.0,0.04435977339744568,0.0
1725.0,0.04435575008392334,0.0
1726.0,0.044569164514541626,0.0
1727.0,0.04478314518928528,0.0
1728.0,0.04498058557510376,0.0
1729.0,0.045082271099090576,0.0
1730.0,0.045112043619155884,0.0
1731.0,0.045153647661209106,0.0
1732.0,0.045214444398880005,0.0
1733.0,0.04530864953994751,0.0
1734.0,0.04541388154029846,0.0
1735.0,0.04550856351852417,0.0
1736.0,0.04555964469909668,0.0
1737.0,0.04540586471557617,0.0
1738.0,0.04525083303451538,0.0
1739.0,0.04512721300125122,0.0
1740.0,0.045066505670547485,0.0
1741.0,0.04504048824310303,0.0
1742.0,0.044985443353652954,0.0
1743.0,0.04487907886505127,0.0
1744.0,0.044827282428741455,0.0
1745.0,0.04482659697532654,0.0
1746.0,0.044831812381744385,0.0
1747.0,0.04482144117355347,0.0
1748.0,0.044799625873565674,0.0
1749.0,0.0447654128074646,0.0
1750.0,0.04474997520446777,0.0
1751.0,0.04474881291389465,0.0
1752.0,0.04474782943725586,0.0
1753.0,0.04474726319313049,0.0
1754.0,0.04488462209701538,0.0
1755.0,0.0450567901134491,0.0
1756.0,0.0452534556388855,0.0
1757.0,0.04541414976119995,0.0
1758.0,0.04550856351852417,0.0
1759.0,0.045551031827926636,0.0
1760.0,0.0455491840839386,0.0
1761.0,0.04564294219017029,0.0
1762.0,0.04583016037940979,0.0
1763.0,0.04608398675918579,0.0
1764.0,0.046366095542907715,0.0
1765.0,0.046640485525131226,0.0
1766.0,0.046845197677612305,0.0
1767.0,0.04698526859283447,0.0
1768.0,0.04696562886238098,0.0
1769.0,0.046884357929229736,0.0
1770.0,0.04677379131317139,0.0
1771.0,0.04670584201812744,0.0
1772.0,0.04666176438331604,0.0
1773.0,0.046617746353149414,0.0
1774.0,0.046561479568481445,0.0
1775.0,0.04649987816810608,0.0
1776.0,0.04642745852470398,0.0
1777.0,0.04634898900985718,0.0
1778.0,0.04626232385635376,0.0
1779.0,0.04620540142059326,0.0
1780.0,0.046159565448760986,0.0
1781.0,0.04611170291900635,0.0
1782.0,0.0460740327835083,0.0
1783.0,0.04603496193885803,0.0
1784.0,0.045990049839019775,0.0
1785.0,0.045940518379211426,0.0
1786.0,0.04589730501174927,0.0
1787.0,0.045856863260269165,0.0
1788.0,0.04582253098487854,0.0
1789.0,0.04580971598625183,0.0
1790.0,0.045820534229278564,0.0
1791.0,0.04584383964538574,0.0
1792.0,0.04586535692214966,0.0
1793.0,0.04588380455970764,0.0
1794.0,0.045897066593170166,0.0
1795.0,0.04590144753456116,0.0
1796.0,0.04595524072647095,0.0
1797.0,0.04604247212409973,0.0
1798.0,0.046169281005859375,0.0
1799.0,0.04629027843475342,0.0
1800.0,0.0463792085647583,0.0
1801.0,0.046415776014328,0.0
1802.0,0.04643946886062622,0.0
1803.0,0.04647991061210632,0.0
1804.0,0.046537965536117554,0.0
1805.0,0.046556830406188965,0.0
1806.0,0.046621173620224,0.0
1807.0,0.04669588804244995,0.0
1808.0,0.04680517315864563,0.0
1809.0,0.04698598384857178,0.0
1810.0,0.04722648859024048,0.0
1811.0,0.0475134551525116,0.0
1812.0,0.047819703817367554,0.0
1813.0,0.04812374711036682,0.0
1814.0,0.048415184020996094,0.0
1815.0,0.048674166202545166,0.0
1816.0,0.04885554313659668,0.0
1817.0,0.04897195100784302,0.0
1818.0,0.049065083265304565,0.0
1819.0,0.049141526222229004,0.0
1820.0,0.04918241500854492,0.0
1821.0,0.0491810142993927,0.0
1822.0,0.04916825890541077,0.0
1823.0,0.049150288105010986,0.0
1824.0,0.04912111163139343,0.0
1825.0,0.04906931519508362,0.0
1826.0,0.0490109920501709,0.0
1827.0,0.04894104599952698,0.0
1828.0,0.04878470301628113,0.0
1829.0,0.048591017723083496,0.0
1830.0,0.048441022634506226,0.0
1831.0,0.04834088683128357,0.0
1832.0,0.04826635122299194,0.0
1833.0,0.04820027947425842,0.0
1834.0,0.0481397807598114,0.0
1835.0,0.048080116510391235,0.0
1836.0,0.04802563786506653,0.0
1837.0,0.04797425866127014,0.0
1838.0,0.0479317307472229,0.0
1839.0,0.047902464866638184,0.0
